{
  "version": "2022.2",
  "applications": [],
  "platforms": [
    {
      "name": "murosync_poc_platform"
    }
  ],
  "systems": [
    {
      "name": "murosync_poc_fw_system",
      "platform": "C:/Users/mikha/workspace_murosync/murosync_poc_platform/export/murosync_poc_platform/murosync_poc_platform.xpfm",
      "sysConfig": "murosync_poc_platform",
      "buildConfig": "Debug",
      "applications": [
        {
          "name": "murosync_poc_fw",
          "platform": "C:/Users/mikha/workspace_murosync/murosync_poc_platform/export/murosync_poc_platform/murosync_poc_platform.xpfm",
          "platformPath": "C:\\Users\\mikha\\workspace_murosync\\murosync_poc_platform\\export\\murosync_poc_platform",
          "sysConfig": "murosync_poc_platform",
          "domain": "standalone_microblaze_0",
          "system": "murosync_poc_fw_system"
        }
      ],
      "platformPath": "C:\\Users\\mikha\\workspace_murosync\\murosync_poc_platform\\export\\murosync_poc_platform"
    }
  ],
  "others": []
}